{
  "$schema": "https://aka.ms/azure-quickstart-templates-metadata-schema#",
  "type": "QuickStart",
  "itemDisplayName": "Virtual Machine with Conditional Resources",
  "description": "This template allows deploying a linux VM using new or existing resources for the Virtual Network, Storage and Public IP Address.  It also allows for choosing between SSH and Password authenticate.  The templates uses conditions and logic functions to remove the need for nested deployments.",
  "summary": "This template allows deploying a linux VM using new or existing resources for the Virtual Network, Storage and Public IP Address.  It also allows for choosing between SSH and Password authenticate.",
  "githubUsername": "bmoore-msft",
  "dateUpdated": "2021-05-03"
}