        {
            "type": "Microsoft.Compute/virtualMachines/extensions",
            "name": "az104-08-vm1/customScriptExtension",
            "apiVersion": "2018-06-01",
            "location": "[resourceGroup().location]",
            "dependsOn": [
                "az305-08-vm1"
            ],
            "properties": {
                "publisher": "Microsoft.Compute",
                "type": "CustomScriptExtension",
                "typeHandlerVersion": "1.7",
                "autoUpgradeMinorVersion": true,
                "settings": {
                    "commandToExecute": "powershell.exe Install-WindowsFeature -name Web-Server -IncludeManagementTools && powershell.exe remove-item 'C:\\inetpub\\wwwroot\\iisstart.htm' && powershell.exe Add-Content -Path 'C:\\inetpub\\wwwroot\\iisstart.htm' -Value $($env:computername)"
              }
            }
        },