{
  "$schema": "https://aka.ms/azure-quickstart-templates-metadata-schema#",
  "type": "QuickStart",
  "itemDisplayName": "IIS Server using DSC extension on a Windows VM",
  "description": "This template creates a Windows VM and sets up an IIS server using the DSC extension. NOTE: The DSC configuration module needs a SAS token to be passed in if you're using Azure Storage. For DSC module link from Github (default in this template), this is not needed.",
  "summary": "This template creates a VM with IIS server using DSC extension",
  "githubUsername": "bmoore-msft",
  "dateUpdated": "2021-05-04"
}